{"val_f1": 0.918918918918919, "test_f1": 0.9379310344827586}